cloneId	readCount	readFraction	uniqueMoleculeCount	uniqueMoleculeFraction	targetSequences	targetQualities	allVHitsWithScore	allDHitsWithScore	allJHitsWithScore	allCHitsWithScore	allVAlignments	allDAlignments	allJAlignments	allCAlignments	nSeqCDR3	minQualCDR3	aaSeqCDR3	refPoints
0	759031.0	0.14024807559413605	4	0.13793103448275862	TGTTGAAACAAACTGGTCTTT	[[[[[[[[[[[[[[[[[[[[[	TRAV13-1*00(510.6)		TRAJ47*00(477.4)		511|514|544|0|3||30.0		29|46|77|4|21||170.0		TGTTGAAACAAACTGGTCTTT	58	C*NKLVF	:::::::::0:-10:3:::::4:-9:21:::
21	368897.0	0.06816203072397571	1	0.034482758620689655	TGTGCTGGGTACGATGGTCAGAATTTTGTCTTT	NNNNNNNNNNNNNNNNNNNNNNNNNNNNNNNNN	TRAV35*00(479.8)		TRAJ26*00(511.3)		588|597|620|0|9||90.0		26|49|80|10|33|ST28G|201.0		TGTGCTGGGTACGATGGTCAGAATTTTGTCTTT	45	CAGYDGQNFVF	:::::::::0:-3:9:::::10:-6:33:::
18	336945.0	0.06225817895588741	1	0.034482758620689655	TGTGCTGTGCAGGCTAGACAGGAGGAAGCTACATACCTACATTT	NNNNNNNNNNNNNNNNNNNNNNNNNNNNNNNNNNNNNNNNNNNN	TRAV20*00(549.1)		TRAJ6*00(570.3)		498|512|531|0|14||140.0		25|51|82|18|44||260.0		TGTGCTGTGCAGGCTAGACAGGAGGAAGCTACATACCTACATTT	45	CAVQARQ_GSYIPTF	:::::::::0:1:14:::::18:-5:44:::
51	316451.0	0.05847145079692391	1	0.034482758620689655	TGTGCACCCTCCAAGGAATGCAGGCAACATGCTCACCTTT	NNNNNNNNNNNNNNNNNNNNNNNNNNNNNNNNNNNNNNNN	TRAV23/DV6*00(431.3)		TRAJ39*00(549)		517|523|550|0|6||60.0		28|52|83|16|40||240.0		TGTGCACCCTCCAAGGAATGCAGGCAACATGCTCACCTTT	45	CAPSKEC_GNMLTF	:::::::::0:-7:6:::::16:-8:40:::
12	313534.0	0.05793246933699922	1	0.034482758620689655	TGTGCTTTCACCCGAACACCGGTAACCAGTTCTATTTT	NNNNNNNNNNNNNNNNNNNNNNNNNNNNNNNNNNNNNN	TRAV38-1*00(559.5)		TRAJ49*00(559.5)		596|606|633|0|10||100.0		19|45|76|12|38||260.0		TGTGCTTTCACCCGAACACCGGTAACCAGTTCTATTTT	45	CAFTRT_GNQFYF	:::::::::0:-7:10:::::12:1:38:::
16	280561.0	0.05183996481931095	1	0.034482758620689655	TGTGCTGTTATTGATAGCAACTATCAGTTAATCTGG	NNNNNNNNNNNNNNNNNNNNNNNNNNNNNNNNNNNN	TRAV1-2*00(639.6)		TRAJ33*00(529.2)		620|628|654|0|8||80.0		19|46|77|9|36|SG21T|241.0		TGTGCTGTTATTGATAGCAACTATCAGTTAATCTGG	45	CAVIDSNYQLIW	:::::::::0:-6:8:::::9:1:36:::
17	271751.0	0.050212118860470875	1	0.034482758620689655	TGTGCTGTTATGGATAGCAACTATCAGTTAATCTGG	NNNNNNNNNNNNNNNNNNNNNNNNNNNNNNNNNNNN	TRAV1-2*00(639.6)		TRAJ33*00(559.5)		620|628|654|0|8||80.0		19|46|77|9|36||270.0		TGTGCTGTTATGGATAGCAACTATCAGTTAATCTGG	45	CAVMDSNYQLIW	:::::::::0:-6:8:::::9:1:36:::
52	265093.0	0.04898190337875042	1	0.034482758620689655	TGTGCAGCAAGTTAGCGCAATAAATGCTGGTGGTACTAGCTATGGAAAGCTGACATTT	NNNNNNNNNNNNNNNNNNNNNNNNNNNNNNNNNNNNNNNNNNNNNNNNNNNNNNNNNN	TRAV13-1*00(600.9)		TRAJ52*00(657.2)		511|523|544|0|12||120.0		22|58|89|22|58||360.0		TGTGCAGCAAGTTAGCGCAATAAATGCTGGTGGTACTAGCTATGGAAAGCTGACATTT	45	CAAS*RNKCW_GTSYGKLTF	:::::::::0:-1:12:::::22:-2:58:::
55	264393.0	0.04885256261017062	1	0.034482758620689655	TGCCTCGTGGGTGACTAAAGAATTCAGGATACAGCACCCTCACCTTT	NNNNNNNNNNNNNNNNNNNNNNNNNNNNNNNNNNNNNNNNNNNNNNN	TRAV4*00(1021)		TRAJ11*00(550)		768|783|804|0|15||150.0		21|49|80|19|47||280.0		TGCCTCGTGGGTGACTAAAGAATTCAGGATACAGCACCCTCACCTTT	45	CLVGD*RI_GYSTLTF	:::::::::0:-1:15:::::19:-1:47:::
8	251839.0	0.04653292831195515	2	0.06896551724137931	TGTGCAGCAAGCCCCCAGGGGTAACCTTT	[[[[[[[[[[[[[[[[[[[[[[[[[[[[[	TRAV23/DV6*00(489.1)		TRAJ48*00(389.8)		517|529|550|0|12||120.0		44|52|83|21|29||80.0		TGTGCAGCAAGCCCCCAGGGGTAACCTTT	58	CAASP_GVTF	:::::::::0:-1:12:::::21:-24:29:::
24	241407.0	0.044605381315063024	1	0.034482758620689655	TGTGCCGTGGCCATGCGCTTT	NNNNNNNNNNNNNNNNNNNNN	TRAV39*00(761.7)		TRAJ43*00(390.9)		507|520|540|0|13|SA517C|121.0		35|43|74|13|21||100.0		TGTGCCGTGGCCATGCGCTTT	45	CAVAMRF	:::::::::0:0:13:::::13:-15:21:::
13	223651.0	0.04132456033377309	1	0.034482758620689655	TGTGCTCTGGGGTCTATGGGAACAACAGACTCGCTTTT	NNNNNNNNNNNNNNNNNNNNNNNNNNNNNNNNNNNNNN	TRAV9-2*00(714.6)		TRAJ7*00(541.4)		480|489|514|0|9||90.0		23|48|79|13|38||250.0		TGTGCTCTGGGGTCTATGGGAACAACAGACTCGCTTTT	45	CALGSM_NNRLAF	:::::::::0:-5:9:::::13:-3:38:::
14	196195.0	0.03625144584502019	1	0.034482758620689655	TGTGCTCTGAAGAAACAGAGATGACAAGATCATCTTT	NNNNNNNNNNNNNNNNNNNNNNNNNNNNNNNNNNNNN	TRAV19*00(710.7)		TRAJ30*00(550.7)		556|566|593|0|10||100.0		22|46|77|13|37||240.0		TGTGCTCTGAAGAAACAGAGATGACAAGATCATCTTT	45	CALKKQ_DDKIIF	:::::::::0:-7:10:::::13:-2:37:::
10	184436.0	0.034078705705406075	1	0.034482758620689655	TGTCTCGGCGGGGATAGCAGCTATAAATTGATCTTC	NNNNNNNNNNNNNNNNNNNNNNNNNNNNNNNNNNNN	TRAV4*00(910.2)		TRAJ12*00(528.2)		768|775|804|0|7|SC770T|41.0		24|49|80|11|36||250.0		TGTCTCGGCGGGGATAGCAGCTATAAATTGATCTTC	45	CLGGDSSYKLIF	:::::::::0:-9:7:::::11:-4:36:::
53	163983.0	0.03029955322003082	1	0.034482758620689655	TGTGCAGCAAGCTAAGGCTTTGGGAATGTGCTGCATTGC	NNNNNNNNNNNNNNNNNNNNNNNNNNNNNNNNNNNNNNN	TRAV23/DV6*00(488.5)		TRAJ35*00(550.4)		517|529|550|0|12||120.0		23|48|79|14|39||250.0		TGTGCAGCAAGCTAAGGCTTTGGGAATGTGCTGCATTGC	45	CAAS*GFGNVLHC	:::::::::0:-1:12:::::14:-3:39:::
23	161944.0	0.029922802038410513	1	0.034482758620689655	TGTGCCGTGTCGATTGCGGGGGGAACCTACAAATACATCTTT	NNNNNNNNNNNNNNNNNNNNNNNNNNNNNNNNNNNNNNNNNN	TRAV12-2*00(841)		TRAJ40*00(469.3)		551|560|584|0|9||90.0		29|50|81|21|42||210.0		TGTGCCGTGTCGATTGCGGGGGGAACCTACAAATACATCTTT	45	CAVSIAGGTYKYIF	:::::::::0:-4:9:::::21:-9:42:::
54	161089.0	0.029764821528216613	1	0.034482758620689655	TGTGCAGGAGGGTTGTTCAGGGAGCCCAGAAGCTGGTATTT	NNNNNNNNNNNNNNNNNNNNNNNNNNNNNNNNNNNNNNNNN	TRAV27*00(653.4)		TRAJ54*00(550.7)		552|562|582|0|10||100.0		23|49|80|15|41||260.0		TGTGCAGGAGGGTTGTTCAGGGAGCCCAGAAGCTGGTATTT	45	CAGGLFR_AQKLVF	:::::::::0:0:10:::::15:-3:41:::
25	152142.0	0.028111661733240208	1	0.034482758620689655	TGTGCCGGGGGGGAGACCGACAAGCTCATCTTT	NNNNNNNNNNNNNNNNNNNNNNNNNNNNNNNNN	TRAV12-2*00(470.7)		TRAJ34*00(479.4)		551|558|584|0|7||70.0		29|47|78|15|33||180.0		TGTGCCGGGGGGGAGACCGACAAGCTCATCTTT	45	CAGGETDKLIF	:::::::::0:-6:7:::::15:-9:33:::
3	143374.0	0.026491576220514925	2	0.06896551724137931	TGTGCTGGGCGGGGGGTCGGTATTCAGGGAGCCCAGAAGCTGGTATTT	[[[[[[[[[[[[[[[[[[[[[[[[[[[[[[[[[[[[[[[[[[[[[[[[	TRAV35*00(489.4)		TRAJ54*00(514.8)		588|598|620|0|10||100.0		22|49|80|21|48||270.0		TGTGCTGGGCGGGGGGTCGGTATTCAGGGAGCCCAGAAGCTGGTATTT	58	CAGRGVGIQGAQKLVF	:::::::::0:-2:10:::::21:-2:48:::
56	125642.0	0.023215189779862012	1	0.034482758620689655	TGCCTCGTGGGTGAAGACTACTGACAGAGATGACAAGATCATCTTT	NNNNNNNNNNNNNNNNNNNNNNNNNNNNNNNNNNNNNNNNNNNNNN	TRAV4*00(518.1)		TRAJ30*00(539)		768|782|804|0|14||140.0		23|46|77|23|46||230.0		TGCCTCGTGGGTGAAGACTACTGACAGAGATGACAAGATCATCTTT	45	CLVGEDY*_RDDKIIF	:::::::::0:-2:14:::::23:-3:46:::
15	89524.0	0.016541575666197343	1	0.034482758620689655	TGTGCTGTTCTTGATAGCAACTATCAGTTAATCTGG	NNNNNNNNNNNNNNNNNNNNNNNNNNNNNNNNNNNN	TRAV1-2*00(639.6)		TRAJ33*00(529)		620|628|654|0|8||80.0		22|46|77|12|36||240.0		TGTGCTGTTCTTGATAGCAACTATCAGTTAATCTGG	45	CAVLDSNYQLIW	:::::::::0:-6:8:::::12:-2:36:::
22	54744.0	0.01011518719304664	1	0.034482758620689655	TGTGCCTTCGCCCCCCCCGGGGGCAAACTAATCTTT	NNNNNNNNNNNNNNNNNNNNNNNNNNNNNNNNNNNN	TRAV24*00(362.2)		TRAJ37*00(459.2)		515|523|545|0|8||80.0		36|51|82|21|36||150.0		TGTGCCTTCGCCCCCCCCGGGGGCAAACTAATCTTT	45	CAFAPPGGKLIF	:::::::::0:-2:8:::::21:-16:36:::
11	53988.0	0.009975499162980454	1	0.034482758620689655	TGTGTGGTGAAGGAGAATGACATGCGCTTT	NNNNNNNNNNNNNNNNNNNNNNNNNNNNNN	TRAV12-1*00(509.6)		TRAJ43*00(449.4)		539|550|572|0|11||110.0		28|43|74|15|30||150.0		TGTGTGGTGAAGGAGAATGACATGCGCTTT	45	CVVKENDMRF	:::::::::0:-2:11:::::15:-8:30:::
20	31446.0	0.005810356869657764	1	0.034482758620689655	TGTGCTGCCATGGATAGCAACTATCAGTTAATCTGG	NNNNNNNNNNNNNNNNNNNNNNNNNNNNNNNNNNNN	TRAV1-2*00(629.6)		TRAJ33*00(579.4)		620|627|654|0|7||70.0		17|46|77|7|36||290.0		TGTGCTGCCATGGATAGCAACTATCAGTTAATCTGG	45	CAAMDSNYQLIW	:::::::::0:-7:7:::::7:3:36:::
